{
    "test_task": {
        "Operation F1": 0.5332678372735686,
        "Element Accuracy": 0.5259615384615385,
        "Step Success": 0.4875,
        "Episode Success": 0.4875,
        "Operation F1 categories": [
            0.9453213077790305,
            0.6544822040416753,
            0.0
        ],
        "Macro Element Accuracy": 0.5259615384615385,
        "Macro Operation F1": 0.8776766636141636,
        "Macro Step Success Rate": 0.4875
    },
    "test_domain": {
        "Operation F1": 0.5072344552648508,
        "Element Accuracy": 0.541688155406567,
        "Step Success": 0.49630393673714973,
        "Episode Success": 0.49630393673714973,
        "Operation F1 categories": [
            0.9301691216584834,
            0.591534244136069,
            0.0
        ],
        "Macro Element Accuracy": 0.541688155406567,
        "Macro Operation F1": 0.8625628201820489,
        "Macro Step Success Rate": 0.49630393673714973
    },
    "test_website": {
        "Operation F1": 0.5141865803188689,
        "Element Accuracy": 0.5587162654996353,
        "Step Success": 0.49525893508388036,
        "Episode Success": 0.49525893508388036,
        "Operation F1 categories": [
            0.9653024911032029,
            0.5772572498534035,
            0.0
        ],
        "Macro Element Accuracy": 0.5587162654996353,
        "Macro Operation F1": 0.8570766819672727,
        "Macro Step Success Rate": 0.49525893508388036
    }
}