{
  "total": {
    "test_task": 2080,
    "test_domain": 5817,
    "test_website": 1371,
    "all": 9268
  },
  "valid": {
    "test_task": 2080,
    "test_domain": 5817,
    "test_website": 1371,
    "all": 9268
  },
  "correct": {
    "test_task": 1207,
    "test_domain": 3399,
    "test_website": 818,
    "all": 5424
  },
  "acc": {
    "test_task": 0.5802884615384616,
    "test_domain": 0.5843218153687467,
    "test_website": 0.5966447848285923,
    "all": 0.5852395338800173
  }
}