{
  "total": {
    "test_task": 2080,
    "test_domain": 5817,
    "test_website": 1371,
    "all": 9268
  },
  "valid": {
    "test_task": 2080,
    "test_domain": 5816,
    "test_website": 1371,
    "all": 9267
  },
  "correct": {
    "test_task": 1210,
    "test_domain": 3417,
    "test_website": 824,
    "all": 5451
  },
  "acc": {
    "test_task": 0.5817307692307693,
    "test_domain": 0.5874161939143888,
    "test_website": 0.6010211524434719,
    "all": 0.5881527837721191
  }
}