{
  "total": {
    "test_task": 2080,
    "test_domain": 5817,
    "test_website": 1371,
    "all": 9268
  },
  "valid": {
    "test_task": 2080,
    "test_domain": 5817,
    "test_website": 1371,
    "all": 9268
  },
  "correct": {
    "test_task": 716,
    "test_domain": 2204,
    "test_website": 508,
    "all": 3428
  },
  "acc": {
    "test_task": 0.34423076923076923,
    "test_domain": 0.3788894619219529,
    "test_website": 0.37053245805981033,
    "all": 0.36987483815278377
  }
}