{
  "total": {
    "test_task": 2080,
    "test_domain": 5817,
    "test_website": 1371,
    "all": 9268
  },
  "valid": {
    "test_task": 2079,
    "test_domain": 5816,
    "test_website": 1370,
    "all": 9265
  },
  "correct": {
    "test_task": 1225,
    "test_domain": 3427,
    "test_website": 829,
    "all": 5481
  },
  "acc": {
    "test_task": 0.5889423076923077,
    "test_domain": 0.5891352931064122,
    "test_website": 0.6046681254558717,
    "all": 0.5913897280966768
  }
}