{
  "total": {
    "test_task": 2080,
    "test_domain": 5817,
    "test_website": 1371,
    "all": 9268
  },
  "valid": {
    "test_task": 2080,
    "test_domain": 5816,
    "test_website": 1371,
    "all": 9267
  },
  "correct": {
    "test_task": 1185,
    "test_domain": 3325,
    "test_website": 812,
    "all": 5322
  },
  "acc": {
    "test_task": 0.5697115384615384,
    "test_domain": 0.5716004813477737,
    "test_website": 0.5922684172137126,
    "all": 0.5742339231765213
  }
}