{
    "test_task": {
        "Operation F1": 0.5907463246531672,
        "Element Accuracy": 0.5701923076923077,
        "Step Success": 0.5177884615384616,
        "Episode Success": 0.5177884615384616,
        "Operation F1 categories": [
            0.9402480270574972,
            0.6799314733235438,
            0.15205947357846092
        ],
        "Macro Element Accuracy": 0.5701923076923077,
        "Macro Operation F1": 0.8819024725274724,
        "Macro Step Success Rate": 0.5177884615384616
    },
    "test_domain": {
        "Operation F1": 0.5702364017499928,
        "Element Accuracy": 0.5724600309437855,
        "Step Success": 0.520371325425477,
        "Episode Success": 0.520371325425477,
        "Operation F1 categories": [
            0.9226677577741408,
            0.6152965440918363,
            0.17274490338400114
        ],
        "Macro Element Accuracy": 0.5724600309437855,
        "Macro Operation F1": 0.8634607394270543,
        "Macro Step Success Rate": 0.520371325425477
    },
    "test_website": {
        "Operation F1": 0.5537841720106297,
        "Element Accuracy": 0.5929978118161926,
        "Step Success": 0.5207877461706784,
        "Episode Success": 0.5207877461706784,
        "Operation F1 categories": [
            0.9430604982206405,
            0.5851418346610655,
            0.13315018315018315
        ],
        "Macro Element Accuracy": 0.5929978118161926,
        "Macro Operation F1": 0.8485768000538242,
        "Macro Step Success Rate": 0.5207877461706784
    }
}