{
  "total": {
    "train": 7725,
    "all": 7725
  },
  "valid": {
    "train": 7725,
    "all": 7725
  },
  "correct": {
    "train": 2740,
    "all": 2740
  },
  "acc": {
    "train": 0.3546925566343042,
    "all": 0.3546925566343042
  }
}