{
  "total": {
    "test_task": 2080,
    "test_domain": 5817,
    "test_website": 1371,
    "all": 9268
  },
  "valid": {
    "test_task": 2079,
    "test_domain": 5817,
    "test_website": 1370,
    "all": 9266
  },
  "correct": {
    "test_task": 1236,
    "test_domain": 3445,
    "test_website": 832,
    "all": 5513
  },
  "acc": {
    "test_task": 0.5942307692307692,
    "test_domain": 0.5922296716520543,
    "test_website": 0.6068563092633115,
    "all": 0.5948424687095382
  }
}