{
  "total": {
    "test_task": 2080,
    "test_domain": 5817,
    "test_website": 1371,
    "all": 9268
  },
  "valid": {
    "test_task": 2080,
    "test_domain": 5817,
    "test_website": 1371,
    "all": 9268
  },
  "correct": {
    "test_task": 970,
    "test_domain": 2958,
    "test_website": 676,
    "all": 4604
  },
  "acc": {
    "test_task": 0.46634615384615385,
    "test_domain": 0.5085095410005157,
    "test_website": 0.49307075127644057,
    "all": 0.4967630556754424
  }
}