{
  "total": {
    "test_task": 2080,
    "test_domain": 5817,
    "test_website": 1371,
    "all": 9268
  },
  "valid": {
    "test_task": 2080,
    "test_domain": 5817,
    "test_website": 1368,
    "all": 9265
  },
  "correct": {
    "test_task": 675,
    "test_domain": 2027,
    "test_website": 491,
    "all": 3193
  },
  "acc": {
    "test_task": 0.3245192307692308,
    "test_domain": 0.3484614062231391,
    "test_website": 0.35813274981765136,
    "all": 0.34451877427708244
  }
}