{
  "total": {
    "test_task": 2080,
    "test_domain": 5817,
    "test_website": 1371,
    "all": 9268
  },
  "valid": {
    "test_task": 2079,
    "test_domain": 5815,
    "test_website": 1371,
    "all": 9265
  },
  "correct": {
    "test_task": 1177,
    "test_domain": 3304,
    "test_website": 819,
    "all": 5300
  },
  "acc": {
    "test_task": 0.5658653846153846,
    "test_domain": 0.5679903730445247,
    "test_website": 0.5973741794310722,
    "all": 0.5718601640051791
  }
}