{
  "total": {
    "test_task": 2080,
    "test_domain": 5817,
    "test_website": 1371,
    "all": 9268
  },
  "valid": {
    "test_task": 2080,
    "test_domain": 5816,
    "test_website": 1371,
    "all": 9267
  },
  "correct": {
    "test_task": 1197,
    "test_domain": 3370,
    "test_website": 815,
    "all": 5382
  },
  "acc": {
    "test_task": 0.5754807692307692,
    "test_domain": 0.579336427711879,
    "test_website": 0.5944566010211525,
    "all": 0.5807078118256366
  }
}