{
    "test_task": {
        "Operation F1": 0.3333333333333333,
        "Element Accuracy": 0.32596153846153847,
        "Step Success": 0.32067307692307695,
        "Episode Success": 0.32067307692307695,
        "Operation F1 categories": [
            1.0,
            0.0,
            0.0
        ],
        "Macro Element Accuracy": 0.32596153846153847,
        "Macro Operation F1": 0.8528846153846154,
        "Macro Step Success Rate": 0.32067307692307695
    },
    "test_domain": {
        "Operation F1": 0.33458961474036847,
        "Element Accuracy": 0.3556816228296373,
        "Step Success": 0.3472580367887227,
        "Episode Success": 0.3472580367887227,
        "Operation F1 categories": [
            1.0,
            0.003768844221105527,
            0.0
        ],
        "Macro Element Accuracy": 0.3556816228296373,
        "Macro Operation F1": 0.8408114148186351,
        "Macro Step Success Rate": 0.3472580367887227
    },
    "test_website": {
        "Operation F1": 0.33446127485273397,
        "Element Accuracy": 0.3515681983953319,
        "Step Success": 0.33187454412837347,
        "Episode Success": 0.33187454412837347,
        "Operation F1 categories": [
            0.9991103202846975,
            0.004273504273504273,
            0.0
        ],
        "Macro Element Accuracy": 0.3515681983953319,
        "Macro Operation F1": 0.8195964016532943,
        "Macro Step Success Rate": 0.33187454412837347
    }
}