{
    "test_task": {
        "Operation F1": 0.494074060409627,
        "Element Accuracy": 0.44134615384615383,
        "Step Success": 0.40721153846153846,
        "Episode Success": 0.40721153846153846,
        "Operation F1 categories": [
            0.9216459977452086,
            0.5605761834836724,
            0.0
        ],
        "Macro Element Accuracy": 0.44134615384615383,
        "Macro Operation F1": 0.8472359584859585,
        "Macro Step Success Rate": 0.40721153846153846
    },
    "test_domain": {
        "Operation F1": 0.48169433941589795,
        "Element Accuracy": 0.47876912497851126,
        "Step Success": 0.4335568162282964,
        "Episode Success": 0.4335568162282964,
        "Operation F1 categories": [
            0.9009819967266776,
            0.5441010215210162,
            0.0
        ],
        "Macro Element Accuracy": 0.47876912497851126,
        "Macro Operation F1": 0.831546228834576,
        "Macro Step Success Rate": 0.4335568162282964
    },
    "test_website": {
        "Operation F1": 0.4821933892840226,
        "Element Accuracy": 0.48577680525164113,
        "Step Success": 0.42815463165572576,
        "Episode Success": 0.42815463165572576,
        "Operation F1 categories": [
            0.9323843416370107,
            0.514195826215057,
            0.0
        ],
        "Macro Element Accuracy": 0.48577680525164113,
        "Macro Operation F1": 0.8229136023993793,
        "Macro Step Success Rate": 0.42815463165572576
    }
}