{
  "total": {
    "test_task": 2080,
    "test_domain": 5817,
    "test_website": 1371,
    "all": 9268
  },
  "valid": {
    "test_task": 2080,
    "test_domain": 5816,
    "test_website": 1370,
    "all": 9266
  },
  "correct": {
    "test_task": 1177,
    "test_domain": 3322,
    "test_website": 802,
    "all": 5301
  },
  "acc": {
    "test_task": 0.5658653846153846,
    "test_domain": 0.5710847515901668,
    "test_website": 0.5849744711889132,
    "all": 0.571968062149331
  }
}