{
  "total": {
    "test_task": 2080,
    "test_domain": 5817,
    "test_website": 1371,
    "all": 9268
  },
  "valid": {
    "test_task": 2080,
    "test_domain": 5817,
    "test_website": 1371,
    "all": 9268
  },
  "correct": {
    "test_task": 1230,
    "test_domain": 3305,
    "test_website": 805,
    "all": 5340
  },
  "acc": {
    "test_task": 0.5913461538461539,
    "test_domain": 0.5681622829637271,
    "test_website": 0.587162654996353,
    "all": 0.5761760897712559
  }
}