{
    "test_task": {
        "Operation F1": 0.5372889700241711,
        "Element Accuracy": 0.5466346153846153,
        "Step Success": 0.5057692307692307,
        "Episode Success": 0.5057692307692307,
        "Operation F1 categories": [
            0.9487034949267192,
            0.6631634151457939,
            0.0
        ],
        "Macro Element Accuracy": 0.5466346153846153,
        "Macro Operation F1": 0.8815086996336996,
        "Macro Step Success Rate": 0.5057692307692307
    },
    "test_domain": {
        "Operation F1": 0.5090407175664087,
        "Element Accuracy": 0.5468454529826371,
        "Step Success": 0.5057589822932783,
        "Episode Success": 0.5057589822932783,
        "Operation F1 categories": [
            0.9369203491543916,
            0.5902018035448344,
            0.0
        ],
        "Macro Element Accuracy": 0.5468454529826371,
        "Macro Operation F1": 0.8680535159512385,
        "Macro Step Success Rate": 0.5057589822932783
    },
    "test_website": {
        "Operation F1": 0.5243596826026055,
        "Element Accuracy": 0.5638220277169949,
        "Step Success": 0.5025528811086798,
        "Episode Success": 0.5025528811086798,
        "Operation F1 categories": [
            0.9688612099644128,
            0.6042178378434033,
            0.0
        ],
        "Macro Element Accuracy": 0.5638220277169949,
        "Macro Operation F1": 0.8630619859252887,
        "Macro Step Success Rate": 0.5025528811086798
    }
}