{
  "total": {
    "test_task": 2080,
    "test_domain": 5817,
    "test_website": 1371,
    "all": 9268
  },
  "valid": {
    "test_task": 2079,
    "test_domain": 5817,
    "test_website": 1371,
    "all": 9267
  },
  "correct": {
    "test_task": 1241,
    "test_domain": 3460,
    "test_website": 833,
    "all": 5534
  },
  "acc": {
    "test_task": 0.5966346153846154,
    "test_domain": 0.5948083204400894,
    "test_website": 0.6075857038657914,
    "all": 0.5971083297367286
  }
}