{
  "total": {
    "test_task": 2080,
    "test_domain": 5817,
    "test_website": 1371,
    "all": 9268
  },
  "valid": {
    "test_task": 2080,
    "test_domain": 5816,
    "test_website": 1371,
    "all": 9267
  },
  "correct": {
    "test_task": 1155,
    "test_domain": 3328,
    "test_website": 787,
    "all": 5270
  },
  "acc": {
    "test_task": 0.5552884615384616,
    "test_domain": 0.5721162111053808,
    "test_website": 0.574033552151714,
    "all": 0.5686232196806215
  }
}