{
    "test_task": {
        "Operation F1": 0.3333333333333333,
        "Element Accuracy": 0.34326923076923077,
        "Step Success": 0.3346153846153846,
        "Episode Success": 0.3346153846153846,
        "Operation F1 categories": [
            1.0,
            0.0,
            0.0
        ],
        "Macro Element Accuracy": 0.34326923076923077,
        "Macro Operation F1": 0.8528846153846154,
        "Macro Step Success Rate": 0.3346153846153846
    },
    "test_domain": {
        "Operation F1": 0.3341708542713568,
        "Element Accuracy": 0.3680591370122056,
        "Step Success": 0.357056902183256,
        "Episode Success": 0.357056902183256,
        "Operation F1 categories": [
            1.0,
            0.002512562814070352,
            0.0
        ],
        "Macro Element Accuracy": 0.3680591370122056,
        "Macro Operation F1": 0.8406395048994327,
        "Macro Step Success Rate": 0.357056902183256
    },
    "test_website": {
        "Operation F1": 0.33475783475783477,
        "Element Accuracy": 0.36542669584245074,
        "Step Success": 0.34062727935813275,
        "Episode Success": 0.34062727935813275,
        "Operation F1 categories": [
            1.0,
            0.004273504273504273,
            0.0
        ],
        "Macro Element Accuracy": 0.36542669584245074,
        "Macro Operation F1": 0.8203257962557743,
        "Macro Step Success Rate": 0.34062727935813275
    }
}