{
  "total": {
    "test_task": 2080,
    "test_domain": 5817,
    "test_website": 1371,
    "all": 9268
  },
  "valid": {
    "test_task": 2080,
    "test_domain": 5817,
    "test_website": 1370,
    "all": 9267
  },
  "correct": {
    "test_task": 727,
    "test_domain": 2240,
    "test_website": 520,
    "all": 3487
  },
  "acc": {
    "test_task": 0.34951923076923075,
    "test_domain": 0.3850782190132371,
    "test_website": 0.37928519328956967,
    "all": 0.3762408286577471
  }
}