{
    "test_task": {
        "Operation F1": 0.3333333333333333,
        "Element Accuracy": 0.34951923076923075,
        "Step Success": 0.33942307692307694,
        "Episode Success": 0.33942307692307694,
        "Operation F1 categories": [
            1.0,
            0.0,
            0.0
        ],
        "Macro Element Accuracy": 0.34951923076923075,
        "Macro Operation F1": 0.8528846153846154,
        "Macro Step Success Rate": 0.33942307692307694
    },
    "test_domain": {
        "Operation F1": 0.3341708542713568,
        "Element Accuracy": 0.3850782190132371,
        "Step Success": 0.37373216434588274,
        "Episode Success": 0.37373216434588274,
        "Operation F1 categories": [
            1.0,
            0.002512562814070352,
            0.0
        ],
        "Macro Element Accuracy": 0.3850782190132371,
        "Macro Operation F1": 0.8406395048994327,
        "Macro Step Success Rate": 0.37373216434588274
    },
    "test_website": {
        "Operation F1": 0.33475783475783477,
        "Element Accuracy": 0.37928519328956967,
        "Step Success": 0.3595915390226112,
        "Episode Success": 0.3595915390226112,
        "Operation F1 categories": [
            1.0,
            0.004273504273504273,
            0.0
        ],
        "Macro Element Accuracy": 0.37928519328956967,
        "Macro Operation F1": 0.8203257962557743,
        "Macro Step Success Rate": 0.3595915390226112
    }
}