{
    "test_task": {
        "Operation F1": 0.3331454340473506,
        "Element Accuracy": 0.3524038461538462,
        "Step Success": 0.33990384615384617,
        "Episode Success": 0.33990384615384617,
        "Operation F1 categories": [
            0.9994363021420518,
            0.0,
            0.0
        ],
        "Macro Element Accuracy": 0.3524038461538462,
        "Macro Operation F1": 0.8524038461538461,
        "Macro Step Success Rate": 0.33990384615384617
    },
    "test_domain": {
        "Operation F1": 0.33458961474036847,
        "Element Accuracy": 0.37648272305312014,
        "Step Success": 0.3630737493553378,
        "Episode Success": 0.3630737493553378,
        "Operation F1 categories": [
            1.0,
            0.003768844221105527,
            0.0
        ],
        "Macro Element Accuracy": 0.37648272305312014,
        "Macro Operation F1": 0.8408114148186351,
        "Macro Step Success Rate": 0.3630737493553378
    },
    "test_website": {
        "Operation F1": 0.33475783475783477,
        "Element Accuracy": 0.3741794310722101,
        "Step Success": 0.3515681983953319,
        "Episode Success": 0.3515681983953319,
        "Operation F1 categories": [
            1.0,
            0.004273504273504273,
            0.0
        ],
        "Macro Element Accuracy": 0.3741794310722101,
        "Macro Operation F1": 0.8203257962557743,
        "Macro Step Success Rate": 0.3515681983953319
    }
}