{
  "total": {
    "test_task": 2080,
    "test_domain": 5817,
    "test_website": 1371,
    "all": 9268
  },
  "valid": {
    "test_task": 2079,
    "test_domain": 5816,
    "test_website": 1371,
    "all": 9266
  },
  "correct": {
    "test_task": 1220,
    "test_domain": 3382,
    "test_website": 802,
    "all": 5404
  },
  "acc": {
    "test_task": 0.5865384615384616,
    "test_domain": 0.581399346742307,
    "test_website": 0.5849744711889132,
    "all": 0.5830815709969789
  }
}