{
  "total": {
    "test_task": 2080,
    "test_domain": 5817,
    "test_website": 1371,
    "all": 9268
  },
  "valid": {
    "test_task": 2080,
    "test_domain": 5817,
    "test_website": 1369,
    "all": 9266
  },
  "correct": {
    "test_task": 679,
    "test_domain": 2058,
    "test_website": 483,
    "all": 3220
  },
  "acc": {
    "test_task": 0.3264423076923077,
    "test_domain": 0.35379061371841153,
    "test_website": 0.3522975929978118,
    "all": 0.3474320241691843
  }
}