{
    "test_task": {
        "Operation F1": 0.5720502221424136,
        "Element Accuracy": 0.5682692307692307,
        "Step Success": 0.5158653846153847,
        "Episode Success": 0.5158653846153847,
        "Operation F1 categories": [
            0.9413754227733935,
            0.6697923222152297,
            0.10498292143861765
        ],
        "Macro Element Accuracy": 0.5682692307692307,
        "Macro Operation F1": 0.879969474969475,
        "Macro Step Success Rate": 0.5158653846153847
    },
    "test_domain": {
        "Operation F1": 0.5728997905072045,
        "Element Accuracy": 0.5817431665807117,
        "Step Success": 0.5289668213855939,
        "Episode Success": 0.5289668213855939,
        "Operation F1 categories": [
            0.931873977086743,
            0.6225809087618133,
            0.1642444856730571
        ],
        "Macro Element Accuracy": 0.5817431665807117,
        "Macro Operation F1": 0.8719991266922676,
        "Macro Step Success Rate": 0.5289668213855939
    },
    "test_website": {
        "Operation F1": 0.5255038103969347,
        "Element Accuracy": 0.5718453683442742,
        "Step Success": 0.49671772428884026,
        "Episode Success": 0.49671772428884026,
        "Operation F1 categories": [
            0.9430604982206405,
            0.5741102736295043,
            0.059340659340659345
        ],
        "Macro Element Accuracy": 0.5718453683442742,
        "Macro Operation F1": 0.8424224673130583,
        "Macro Step Success Rate": 0.49671772428884026
    }
}