{
  "total": {
    "test_task": 2080,
    "test_domain": 5817,
    "test_website": 1371,
    "all": 9268
  },
  "valid": {
    "test_task": 2079,
    "test_domain": 5816,
    "test_website": 1371,
    "all": 9266
  },
  "correct": {
    "test_task": 1179,
    "test_domain": 3291,
    "test_website": 785,
    "all": 5255
  },
  "acc": {
    "test_task": 0.5668269230769231,
    "test_domain": 0.5657555440948943,
    "test_website": 0.5725747629467542,
    "all": 0.5670047475183427
  }
}