{
  "total": {
    "test_task": 2080,
    "test_domain": 5817,
    "test_website": 1371,
    "all": 9268
  },
  "valid": {
    "test_task": 2080,
    "test_domain": 5817,
    "test_website": 1370,
    "all": 9267
  },
  "correct": {
    "test_task": 717,
    "test_domain": 2181,
    "test_website": 530,
    "all": 3428
  },
  "acc": {
    "test_task": 0.34471153846153846,
    "test_domain": 0.37493553378029915,
    "test_website": 0.38657913931436905,
    "all": 0.36987483815278377
  }
}