{
  "total": {
    "test_task": 2080,
    "test_domain": 5817,
    "test_website": 1371,
    "all": 9268
  },
  "valid": {
    "test_task": 2080,
    "test_domain": 5815,
    "test_website": 1371,
    "all": 9266
  },
  "correct": {
    "test_task": 1203,
    "test_domain": 3402,
    "test_website": 817,
    "all": 5422
  },
  "acc": {
    "test_task": 0.5783653846153847,
    "test_domain": 0.5848375451263538,
    "test_website": 0.5959153902261123,
    "all": 0.5850237375917134
  }
}