{
  "total": {
    "test_task": 2080,
    "test_domain": 5817,
    "test_website": 1371,
    "all": 9268
  },
  "valid": {
    "test_task": 2079,
    "test_domain": 5817,
    "test_website": 1371,
    "all": 9267
  },
  "correct": {
    "test_task": 708,
    "test_domain": 2156,
    "test_website": 488,
    "all": 3352
  },
  "acc": {
    "test_task": 0.3403846153846154,
    "test_domain": 0.37063778580024065,
    "test_website": 0.3559445660102115,
    "all": 0.36167457919723783
  }
}