{
  "total": {
    "test_task": 2080,
    "test_domain": 5817,
    "test_website": 1371,
    "all": 9268
  },
  "valid": {
    "test_task": 2080,
    "test_domain": 5817,
    "test_website": 1371,
    "all": 9268
  },
  "correct": {
    "test_task": 1139,
    "test_domain": 3280,
    "test_website": 798,
    "all": 5217
  },
  "acc": {
    "test_task": 0.5475961538461539,
    "test_domain": 0.5638645349836685,
    "test_website": 0.5820568927789934,
    "all": 0.5629046180405697
  }
}