{
  "total": {
    "test_task": 2080,
    "test_domain": 5817,
    "test_website": 1371,
    "all": 9268
  },
  "valid": {
    "test_task": 2080,
    "test_domain": 5816,
    "test_website": 1371,
    "all": 9267
  },
  "correct": {
    "test_task": 1238,
    "test_domain": 3393,
    "test_website": 829,
    "all": 5460
  },
  "acc": {
    "test_task": 0.5951923076923077,
    "test_domain": 0.5832903558535327,
    "test_website": 0.6046681254558717,
    "all": 0.5891238670694864
  }
}