{
  "total": {
    "test_task": 2080,
    "test_domain": 5817,
    "test_website": 1371,
    "all": 9268
  },
  "valid": {
    "test_task": 2079,
    "test_domain": 5817,
    "test_website": 1371,
    "all": 9267
  },
  "correct": {
    "test_task": 1152,
    "test_domain": 3304,
    "test_website": 805,
    "all": 5261
  },
  "acc": {
    "test_task": 0.5538461538461539,
    "test_domain": 0.5679903730445247,
    "test_website": 0.587162654996353,
    "all": 0.5676521363832542
  }
}