{
  "total": {
    "test_task": 2080,
    "test_domain": 5817,
    "test_website": 1371,
    "all": 9268
  },
  "valid": {
    "test_task": 2080,
    "test_domain": 5817,
    "test_website": 1370,
    "all": 9267
  },
  "correct": {
    "test_task": 687,
    "test_domain": 2144,
    "test_website": 496,
    "all": 3327
  },
  "acc": {
    "test_task": 0.33028846153846153,
    "test_domain": 0.3685748667698126,
    "test_website": 0.36177972283005105,
    "all": 0.3589771255934398
  }
}