{
  "total": {
    "test_task": 2080,
    "test_domain": 5817,
    "test_website": 1371,
    "all": 9268
  },
  "valid": {
    "test_task": 2076,
    "test_domain": 5810,
    "test_website": 1370,
    "all": 9256
  },
  "correct": {
    "test_task": 745,
    "test_domain": 2263,
    "test_website": 544,
    "all": 3552
  },
  "acc": {
    "test_task": 0.3581730769230769,
    "test_domain": 0.3890321471548908,
    "test_website": 0.3967906637490883,
    "all": 0.38325420802762195
  }
}