{
  "total": {
    "test_task": 2080,
    "test_domain": 5817,
    "test_website": 1371,
    "all": 9268
  },
  "valid": {
    "test_task": 2074,
    "test_domain": 5807,
    "test_website": 1367,
    "all": 9248
  },
  "correct": {
    "test_task": 727,
    "test_domain": 2203,
    "test_website": 501,
    "all": 3431
  },
  "acc": {
    "test_task": 0.34951923076923075,
    "test_domain": 0.37871755200275053,
    "test_website": 0.36542669584245074,
    "all": 0.37019853258523955
  }
}