{
    "test_task": {
        "Operation F1": 0.5255046523369187,
        "Element Accuracy": 0.5403846153846154,
        "Step Success": 0.5009615384615385,
        "Episode Success": 0.5009615384615385,
        "Operation F1 categories": [
            0.9594137542277339,
            0.6171002027830221,
            0.0
        ],
        "Macro Element Accuracy": 0.5403846153846154,
        "Macro Operation F1": 0.885616224053724,
        "Macro Step Success Rate": 0.5009615384615385
    },
    "test_domain": {
        "Operation F1": 0.4948893318991992,
        "Element Accuracy": 0.5428915248409834,
        "Step Success": 0.4990544954443871,
        "Episode Success": 0.4990544954443871,
        "Operation F1 categories": [
            0.9436033824331697,
            0.5410646132644281,
            0.0
        ],
        "Macro Element Accuracy": 0.5428915248409834,
        "Macro Operation F1": 0.8669452923314109,
        "Macro Step Success Rate": 0.4990544954443871
    },
    "test_website": {
        "Operation F1": 0.49650390812848605,
        "Element Accuracy": 0.5587162654996353,
        "Step Success": 0.5025528811086798,
        "Episode Success": 0.5025528811086798,
        "Operation F1 categories": [
            0.9679715302491103,
            0.5215401941363479,
            0.0
        ],
        "Macro Element Accuracy": 0.5587162654996353,
        "Macro Operation F1": 0.8529250695005618,
        "Macro Step Success Rate": 0.5025528811086798
    }
}