{
  "total": {
    "test_task": 2080,
    "test_domain": 5817,
    "test_website": 1371,
    "all": 9268
  },
  "valid": {
    "test_task": 2080,
    "test_domain": 5815,
    "test_website": 1371,
    "all": 9266
  },
  "correct": {
    "test_task": 1221,
    "test_domain": 3387,
    "test_website": 817,
    "all": 5425
  },
  "acc": {
    "test_task": 0.5870192307692308,
    "test_domain": 0.5822588963383187,
    "test_website": 0.5959153902261123,
    "all": 0.5853474320241692
  }
}