{
  "total": {
    "test_task": 2080,
    "test_domain": 5817,
    "test_website": 1371,
    "all": 9268
  },
  "valid": {
    "test_task": 2080,
    "test_domain": 5816,
    "test_website": 1371,
    "all": 9267
  },
  "correct": {
    "test_task": 1206,
    "test_domain": 3442,
    "test_website": 817,
    "all": 5465
  },
  "acc": {
    "test_task": 0.5798076923076924,
    "test_domain": 0.5917139418944473,
    "test_website": 0.5959153902261123,
    "all": 0.589663357790246
  }
}