{
  "total": {
    "test_task": 2080,
    "test_domain": 5817,
    "test_website": 1371,
    "all": 9268
  },
  "valid": {
    "test_task": 2080,
    "test_domain": 5817,
    "test_website": 1371,
    "all": 9268
  },
  "correct": {
    "test_task": 1222,
    "test_domain": 3426,
    "test_website": 804,
    "all": 5452
  },
  "acc": {
    "test_task": 0.5875,
    "test_domain": 0.5889633831872099,
    "test_website": 0.5864332603938731,
    "all": 0.588260681916271
  }
}