{
    "test_task": {
        "Operation F1": 0.5945456818978679,
        "Element Accuracy": 0.5875,
        "Step Success": 0.54375,
        "Episode Success": 0.54375,
        "Operation F1 categories": [
            0.9616685456595265,
            0.6961296412838262,
            0.12583885875025116
        ],
        "Macro Element Accuracy": 0.5875,
        "Macro Operation F1": 0.900943605006105,
        "Macro Step Success Rate": 0.54375
    },
    "test_domain": {
        "Operation F1": 0.5713426289066011,
        "Element Accuracy": 0.5889633831872099,
        "Step Success": 0.5399690562145436,
        "Episode Success": 0.5399690562145436,
        "Operation F1 categories": [
            0.9426486633933441,
            0.6006000025472387,
            0.17077922077922075
        ],
        "Macro Element Accuracy": 0.5889633831872099,
        "Macro Operation F1": 0.8781945857070491,
        "Macro Step Success Rate": 0.5399690562145436
    },
    "test_website": {
        "Operation F1": 0.5460100526832316,
        "Element Accuracy": 0.5864332603938731,
        "Step Success": 0.5185995623632386,
        "Episode Success": 0.5185995623632386,
        "Operation F1 categories": [
            0.9653024911032029,
            0.5551190850521954,
            0.1176085818942962
        ],
        "Macro Element Accuracy": 0.5864332603938731,
        "Macro Operation F1": 0.8623639374329127,
        "Macro Step Success Rate": 0.5185995623632386
    }
}