{
    "test_task": {
        "Operation F1": 0.3333333333333333,
        "Element Accuracy": 0.31490384615384615,
        "Step Success": 0.30480769230769234,
        "Episode Success": 0.30480769230769234,
        "Operation F1 categories": [
            1.0,
            0.0,
            0.0
        ],
        "Macro Element Accuracy": 0.31490384615384615,
        "Macro Operation F1": 0.8528846153846154,
        "Macro Step Success Rate": 0.30480769230769234
    },
    "test_domain": {
        "Operation F1": 0.3341708542713568,
        "Element Accuracy": 0.34691421695031804,
        "Step Success": 0.3381468110709988,
        "Episode Success": 0.3381468110709988,
        "Operation F1 categories": [
            1.0,
            0.002512562814070352,
            0.0
        ],
        "Macro Element Accuracy": 0.34691421695031804,
        "Macro Operation F1": 0.8406395048994327,
        "Macro Step Success Rate": 0.3381468110709988
    },
    "test_website": {
        "Operation F1": 0.33475783475783477,
        "Element Accuracy": 0.3435448577680525,
        "Step Success": 0.31947483588621445,
        "Episode Success": 0.31947483588621445,
        "Operation F1 categories": [
            1.0,
            0.004273504273504273,
            0.0
        ],
        "Macro Element Accuracy": 0.3435448577680525,
        "Macro Operation F1": 0.8203257962557743,
        "Macro Step Success Rate": 0.31947483588621445
    }
}