{
  "total": {
    "train": 7725,
    "all": 7725
  },
  "valid": {
    "train": 7723,
    "all": 7723
  },
  "correct": {
    "train": 3049,
    "all": 3049
  },
  "acc": {
    "train": 0.3946925566343042,
    "all": 0.3946925566343042
  }
}