{
  "total": {
    "test_task": 2080,
    "test_domain": 5817,
    "test_website": 1371,
    "all": 9268
  },
  "valid": {
    "test_task": 2080,
    "test_domain": 5816,
    "test_website": 1371,
    "all": 9267
  },
  "correct": {
    "test_task": 1166,
    "test_domain": 3347,
    "test_website": 806,
    "all": 5319
  },
  "acc": {
    "test_task": 0.5605769230769231,
    "test_domain": 0.5753824995702252,
    "test_website": 0.587892049598833,
    "all": 0.5739102287440656
  }
}