{
  "total": {
    "test_task": 2080,
    "test_domain": 5817,
    "test_website": 1371,
    "all": 9268
  },
  "valid": {
    "test_task": 2079,
    "test_domain": 5816,
    "test_website": 1371,
    "all": 9266
  },
  "correct": {
    "test_task": 1224,
    "test_domain": 3423,
    "test_website": 817,
    "all": 5464
  },
  "acc": {
    "test_task": 0.5884615384615385,
    "test_domain": 0.5884476534296029,
    "test_website": 0.5959153902261123,
    "all": 0.5895554596460941
  }
}