{
  "total": {
    "test_task": 2080,
    "test_domain": 5817,
    "test_website": 1371,
    "all": 9268
  },
  "valid": {
    "test_task": 2080,
    "test_domain": 5816,
    "test_website": 1371,
    "all": 9267
  },
  "correct": {
    "test_task": 1193,
    "test_domain": 3362,
    "test_website": 814,
    "all": 5369
  },
  "acc": {
    "test_task": 0.5735576923076923,
    "test_domain": 0.5779611483582603,
    "test_website": 0.5937272064186725,
    "all": 0.5793051359516617
  }
}