{
  "total": {
    "test_task": 2080,
    "test_domain": 5817,
    "test_website": 1371,
    "all": 9268
  },
  "valid": {
    "test_task": 2080,
    "test_domain": 5817,
    "test_website": 1371,
    "all": 9268
  },
  "correct": {
    "test_task": 931,
    "test_domain": 2786,
    "test_website": 667,
    "all": 4384
  },
  "acc": {
    "test_task": 0.44759615384615387,
    "test_domain": 0.4789410348977136,
    "test_website": 0.4865061998541211,
    "all": 0.47302546396201983
  }
}