{
  "total": {
    "test_task": 2080,
    "test_domain": 5817,
    "test_website": 1371,
    "all": 9268
  },
  "valid": {
    "test_task": 2080,
    "test_domain": 5816,
    "test_website": 1371,
    "all": 9267
  },
  "correct": {
    "test_task": 1209,
    "test_domain": 3432,
    "test_website": 810,
    "all": 5451
  },
  "acc": {
    "test_task": 0.58125,
    "test_domain": 0.589994842702424,
    "test_website": 0.5908096280087527,
    "all": 0.5881527837721191
  }
}