{
  "total": {
    "test_task": 2080,
    "test_domain": 5817,
    "test_website": 1371,
    "all": 9268
  },
  "valid": {
    "test_task": 2080,
    "test_domain": 5817,
    "test_website": 1370,
    "all": 9267
  },
  "correct": {
    "test_task": 709,
    "test_domain": 2169,
    "test_website": 493,
    "all": 3371
  },
  "acc": {
    "test_task": 0.3408653846153846,
    "test_domain": 0.37287261474987105,
    "test_website": 0.3595915390226112,
    "all": 0.3637246439361243
  }
}