{
  "total": {
    "test_task": 2080,
    "test_domain": 5817,
    "test_website": 1371,
    "all": 9268
  },
  "valid": {
    "test_task": 2079,
    "test_domain": 5816,
    "test_website": 1371,
    "all": 9266
  },
  "correct": {
    "test_task": 1214,
    "test_domain": 3352,
    "test_website": 821,
    "all": 5387
  },
  "acc": {
    "test_task": 0.5836538461538462,
    "test_domain": 0.5762420491662369,
    "test_website": 0.5988329686360321,
    "all": 0.5812473025463962
  }
}