{
  "total": {
    "test_task": 2080,
    "test_domain": 5817,
    "test_website": 1371,
    "all": 9268
  },
  "valid": {
    "test_task": 2080,
    "test_domain": 5816,
    "test_website": 1371,
    "all": 9267
  },
  "correct": {
    "test_task": 1241,
    "test_domain": 3424,
    "test_website": 806,
    "all": 5471
  },
  "acc": {
    "test_task": 0.5966346153846154,
    "test_domain": 0.5886195633488053,
    "test_website": 0.587892049598833,
    "all": 0.5903107466551575
  }
}