{
    "test_task": {
        "Operation F1": 0.3338228095937347,
        "Element Accuracy": 0.35144230769230766,
        "Step Success": 0.33557692307692305,
        "Episode Success": 0.33557692307692305,
        "Operation F1 categories": [
            1.0,
            0.0014684287812041115,
            0.0
        ],
        "Macro Element Accuracy": 0.35144230769230766,
        "Macro Operation F1": 0.8530448717948719,
        "Macro Step Success Rate": 0.33557692307692305
    },
    "test_domain": {
        "Operation F1": 0.3341708542713568,
        "Element Accuracy": 0.3802647412755716,
        "Step Success": 0.36823104693140796,
        "Episode Success": 0.36823104693140796,
        "Operation F1 categories": [
            1.0,
            0.002512562814070352,
            0.0
        ],
        "Macro Element Accuracy": 0.3802647412755716,
        "Macro Operation F1": 0.8406395048994327,
        "Macro Step Success Rate": 0.36823104693140796
    },
    "test_website": {
        "Operation F1": 0.33475783475783477,
        "Element Accuracy": 0.38584974471188915,
        "Step Success": 0.362509117432531,
        "Episode Success": 0.362509117432531,
        "Operation F1 categories": [
            1.0,
            0.004273504273504273,
            0.0
        ],
        "Macro Element Accuracy": 0.38584974471188915,
        "Macro Operation F1": 0.8203257962557743,
        "Macro Step Success Rate": 0.362509117432531
    }
}