{
  "total": {
    "test_task": 2080,
    "test_domain": 5817,
    "test_website": 1371,
    "all": 9268
  },
  "valid": {
    "test_task": 2080,
    "test_domain": 5815,
    "test_website": 1370,
    "all": 9265
  },
  "correct": {
    "test_task": 1235,
    "test_domain": 3432,
    "test_website": 827,
    "all": 5494
  },
  "acc": {
    "test_task": 0.59375,
    "test_domain": 0.589994842702424,
    "test_website": 0.6032093362509118,
    "all": 0.5927924039706517
  }
}