{
  "total": {
    "test_task": 2080,
    "test_domain": 5817,
    "test_website": 1371,
    "all": 9268
  },
  "valid": {
    "test_task": 2080,
    "test_domain": 5817,
    "test_website": 1370,
    "all": 9267
  },
  "correct": {
    "test_task": 740,
    "test_domain": 2209,
    "test_website": 509,
    "all": 3458
  },
  "acc": {
    "test_task": 0.3557692307692308,
    "test_domain": 0.3797490115179646,
    "test_website": 0.3712618526622903,
    "all": 0.3731117824773414
  }
}