{
  "total": {
    "test_task": 2080,
    "test_domain": 5817,
    "test_website": 1371,
    "all": 9268
  },
  "valid": {
    "test_task": 2080,
    "test_domain": 5816,
    "test_website": 1371,
    "all": 9267
  },
  "correct": {
    "test_task": 1213,
    "test_domain": 3383,
    "test_website": 825,
    "all": 5421
  },
  "acc": {
    "test_task": 0.583173076923077,
    "test_domain": 0.5815712566615093,
    "test_website": 0.6017505470459519,
    "all": 0.5849158394475615
  }
}