{
  "total": {
    "test_task": 2080,
    "test_domain": 5817,
    "test_website": 1371,
    "all": 9268
  },
  "valid": {
    "test_task": 2080,
    "test_domain": 5816,
    "test_website": 1370,
    "all": 9266
  },
  "correct": {
    "test_task": 990,
    "test_domain": 2928,
    "test_website": 678,
    "all": 4596
  },
  "acc": {
    "test_task": 0.47596153846153844,
    "test_domain": 0.5033522434244456,
    "test_website": 0.49452954048140046,
    "all": 0.495899870522227
  }
}