{
    "test_task": {
        "Operation F1": 0.48529465664880017,
        "Element Accuracy": 0.4254807692307692,
        "Step Success": 0.3908653846153846,
        "Episode Success": 0.3908653846153846,
        "Operation F1 categories": [
            0.9205186020293122,
            0.5303020767778477,
            0.005063291139240506
        ],
        "Macro Element Accuracy": 0.4254807692307692,
        "Macro Operation F1": 0.8431627747252748,
        "Macro Step Success Rate": 0.3908653846153846
    },
    "test_domain": {
        "Operation F1": 0.4809877928925011,
        "Element Accuracy": 0.4667354306343476,
        "Step Success": 0.4241017706721678,
        "Episode Success": 0.4241017706721678,
        "Operation F1 categories": [
            0.8937534097108564,
            0.5492099689666471,
            0.0
        ],
        "Macro Element Accuracy": 0.4667354306343476,
        "Macro Operation F1": 0.826171188235193,
        "Macro Step Success Rate": 0.4241017706721678
    },
    "test_website": {
        "Operation F1": 0.47947221988249916,
        "Element Accuracy": 0.4886943836615609,
        "Step Success": 0.42961342086068566,
        "Episode Success": 0.42961342086068566,
        "Operation F1 categories": [
            0.9341637010676157,
            0.5042529585798817,
            0.0
        ],
        "Macro Element Accuracy": 0.4886943836615609,
        "Macro Operation F1": 0.823241036862481,
        "Macro Step Success Rate": 0.42961342086068566
    }
}