{
  "total": {
    "test_task": 2080,
    "test_domain": 5817,
    "test_website": 1371,
    "all": 9268
  },
  "valid": {
    "test_task": 2080,
    "test_domain": 5817,
    "test_website": 1371,
    "all": 9268
  },
  "correct": {
    "test_task": 1122,
    "test_domain": 3299,
    "test_website": 793,
    "all": 5214
  },
  "acc": {
    "test_task": 0.5394230769230769,
    "test_domain": 0.567130823448513,
    "test_website": 0.5784099197665937,
    "all": 0.562580923608114
  }
}