{
  "total": {
    "test_task": 2080,
    "test_domain": 5817,
    "test_website": 1371,
    "all": 9268
  },
  "valid": {
    "test_task": 2080,
    "test_domain": 5815,
    "test_website": 1371,
    "all": 9266
  },
  "correct": {
    "test_task": 1219,
    "test_domain": 3393,
    "test_website": 827,
    "all": 5439
  },
  "acc": {
    "test_task": 0.5860576923076923,
    "test_domain": 0.5832903558535327,
    "test_website": 0.6032093362509118,
    "all": 0.5868580060422961
  }
}