{
  "total": {
    "test_task": 2080,
    "test_domain": 5817,
    "test_website": 1371,
    "all": 9268
  },
  "valid": {
    "test_task": 2080,
    "test_domain": 5815,
    "test_website": 1371,
    "all": 9266
  },
  "correct": {
    "test_task": 1207,
    "test_domain": 3385,
    "test_website": 816,
    "all": 5408
  },
  "acc": {
    "test_task": 0.5802884615384616,
    "test_domain": 0.581915076499914,
    "test_website": 0.5951859956236324,
    "all": 0.5835131635735865
  }
}