{
  "total": {
    "test_task": 2080,
    "test_domain": 5817,
    "test_website": 1371,
    "all": 9268
  },
  "valid": {
    "test_task": 2080,
    "test_domain": 5816,
    "test_website": 1371,
    "all": 9267
  },
  "correct": {
    "test_task": 1207,
    "test_domain": 3365,
    "test_website": 800,
    "all": 5372
  },
  "acc": {
    "test_task": 0.5802884615384616,
    "test_domain": 0.5784768781158672,
    "test_website": 0.5835156819839533,
    "all": 0.5796288303841174
  }
}