{
    "test_task": {
        "Operation F1": 0.3628818644696548,
        "Element Accuracy": 0.3283653846153846,
        "Step Success": 0.2831730769230769,
        "Episode Success": 0.2831730769230769,
        "Operation F1 categories": [
            0.9689966178128523,
            0.11964897559611215,
            0.0
        ],
        "Macro Element Accuracy": 0.3283653846153846,
        "Macro Operation F1": 0.8395001526251527,
        "Macro Step Success Rate": 0.2831730769230769
    },
    "test_domain": {
        "Operation F1": 0.37272365004685626,
        "Element Accuracy": 0.35224342444559054,
        "Step Success": 0.3020457280385078,
        "Episode Success": 0.3020457280385078,
        "Operation F1 categories": [
            0.9551963993453355,
            0.16297455079523318,
            0.0
        ],
        "Macro Element Accuracy": 0.35224342444559054,
        "Macro Operation F1": 0.8249488984756757,
        "Macro Step Success Rate": 0.3020457280385078
    },
    "test_website": {
        "Operation F1": 0.37932554388948675,
        "Element Accuracy": 0.3486506199854121,
        "Step Success": 0.29175784099197666,
        "Episode Success": 0.29175784099197666,
        "Operation F1 categories": [
            0.9608540925266904,
            0.1771225391417699,
            0.0
        ],
        "Macro Element Accuracy": 0.3486506199854121,
        "Macro Operation F1": 0.8079001576266347,
        "Macro Step Success Rate": 0.29175784099197666
    }
}