{
  "total": {
    "train": 7725,
    "all": 7725
  },
  "valid": {
    "train": 7725,
    "all": 7725
  },
  "correct": {
    "train": 2846,
    "all": 2846
  },
  "acc": {
    "train": 0.36841423948220064,
    "all": 0.36841423948220064
  }
}